Sun, 18 Sep 2022 06:39:06 GMT|1|20056.24|2866685.31|20037.92|14196938
Sun, 18 Sep 2022 06:39:37 GMT|1|20049.48|2866405.75|20036.39|14196938
Sun, 18 Sep 2022 06:40:08 GMT|1|20050.63|2866225.36|20033.04|14216910
Sun, 18 Sep 2022 06:40:38 GMT|1|20050.25|2866207.64|20033.56|14216910
Sun, 18 Sep 2022 06:41:09 GMT|1|20044.16|2865899.19|20029.23|14196999
Sun, 18 Sep 2022 06:41:40 GMT|1|20045.97|2866053.27|20028.53|14196999
Sun, 18 Sep 2022 06:42:11 GMT|1|20046.95|2866079.53|20031.27|14196999
Sun, 18 Sep 2022 06:42:41 GMT|1|20050.71|2866003.67|20032.29|14216824
Sun, 18 Sep 2022 06:43:12 GMT|1|20049.46|2866047.58|20029.73|14216824
Sun, 18 Sep 2022 06:43:43 GMT|1|20048.54|2866218.09|20028.77|14216824
Sun, 18 Sep 2022 06:44:14 GMT|1|20049.44|2865962.69|20031.83|14216940
Sun, 18 Sep 2022 06:44:44 GMT|1|20049.14|2865995.34|20030.98|14216940
Sun, 18 Sep 2022 06:45:15 GMT|1|20047.91|2865831.37|20028.53|14216940
Sun, 18 Sep 2022 06:45:46 GMT|1|20047.42|2865900.28|20028.31|14196999
Sun, 18 Sep 2022 06:46:17 GMT|1|20049.69|2866121.26|20032.06|14196999
Sun, 18 Sep 2022 06:46:47 GMT|1|20049.86|2865966.87|20033.41|14196999
Sun, 18 Sep 2022 06:47:18 GMT|1|20050.17|2865903.61|20033.91|14196999
Sun, 18 Sep 2022 06:47:49 GMT|1|20054.97|2865965.23|20039.21|14196999
Sun, 18 Sep 2022 06:48:20 GMT|1|20058.22|2866286.61|20040.77|14196999
Sun, 18 Sep 2022 06:48:51 GMT|1|20058.44|2866198.12|20040.89|14196999
Sun, 18 Sep 2022 06:49:22 GMT|1|20057.91|2866216.45|20041.14|14196999
Sun, 18 Sep 2022 06:49:52 GMT|1|20052.35|2866143.49|20036.46|14216940
Sun, 18 Sep 2022 06:50:24 GMT|1|20054.51|2866112.13|20038.39|14196999
Sun, 18 Sep 2022 06:50:54 GMT|1|20053.05|2866112.5|20036.82|14196999
Sun, 18 Sep 2022 06:51:25 GMT|1|20053.8|2866101.97|20036.41|14197000
Sun, 18 Sep 2022 06:51:56 GMT|1|20051.68|2866008.18|20036.3|14197000
Sun, 18 Sep 2022 06:52:27 GMT|1|20054.05|2866593.78|20038.06|14239999
Sun, 18 Sep 2022 06:52:57 GMT|1|20053.63|2866520.89|20038.33|14239999
Sun, 18 Sep 2022 06:53:28 GMT|1|20051.38|2866331.89|20036.55|14239999
Sun, 18 Sep 2022 06:53:59 GMT|1|20050.92|2866527.39|20035.89|14239999
Sun, 18 Sep 2022 06:54:30 GMT|1|20050.54|2866565.2|20035.75|14196939
Sun, 18 Sep 2022 06:55:00 GMT|1|20051.23|2866565.09|20037.9|14196939
Sun, 18 Sep 2022 06:55:31 GMT|1|20050.52|2866531.45|20035.66|14197000
Sun, 18 Sep 2022 06:56:02 GMT|1|20053.8|2866573.19|20036.9|14197000
Sun, 18 Sep 2022 06:56:33 GMT|1|20056.1|2866669.64|20037.39|14197000
Sun, 18 Sep 2022 06:57:04 GMT|1|20055.99|2866669.84|20039.75|14197000
Sun, 18 Sep 2022 06:57:34 GMT|1|20053.79|2866571.87|20036.68|14197000
Sun, 18 Sep 2022 06:58:05 GMT|1|20051.42|2866476.07|20037.05|14197000
Sun, 18 Sep 2022 06:58:36 GMT|1|20049.37|2866384.39|20036.21|14197000
Sun, 18 Sep 2022 06:59:07 GMT|1|20042.73|2866188.84|20030.03|14239985
Sun, 18 Sep 2022 06:59:38 GMT|1|20039.87|2865623.87|20025.25|14239985
Sun, 18 Sep 2022 07:00:09 GMT|1|20041.06|2865667.8|20025.16|14239885
Sun, 18 Sep 2022 07:00:39 GMT|1|20047.8|2866136.89|20025.71|14239885
Sun, 18 Sep 2022 07:01:10 GMT|1|20048.32|2866163|20033.81|14200000
Sun, 18 Sep 2022 07:01:41 GMT|1|20050.96|2866163|20034.33|14196938
Sun, 18 Sep 2022 07:02:11 GMT|1|20052|2866215.04|20035.44|14196938
Sun, 18 Sep 2022 07:02:42 GMT|1|20052.01|2866135.33|20036.1|14196938
Sun, 18 Sep 2022 07:03:13 GMT|1|20051.8|2866065.6|20037.28|14196938
Sun, 18 Sep 2022 07:03:43 GMT|1|20051.07|2866004.49|20034.97|14196938
Sun, 18 Sep 2022 07:04:14 GMT|1|20049.49|2865931.52|20034.86|14196938
Sun, 18 Sep 2022 07:04:45 GMT|1|20050.78|2865925.65|20035.35|14196938
Sun, 18 Sep 2022 07:05:16 GMT|1|20053.69|2866143.52|20038.21|14196938
Sun, 18 Sep 2022 07:05:46 GMT|1|20053.27|2865982.47|20036.58|14196938
Sun, 18 Sep 2022 07:06:17 GMT|1|20053.27|2866404.1|20037.1|14196938
Sun, 18 Sep 2022 07:06:48 GMT|1|20053.48|2866402.33|20035.21|14196938
Sun, 18 Sep 2022 07:08:33 GMT|1|20053.57|2866277.69|20036.9|14196938
Sun, 18 Sep 2022 07:09:34 GMT|1|20053.38|2866479.55|20037.64|14196938
Sun, 18 Sep 2022 07:10:35 GMT|1|20053.79|2866481.93|20035.66|14196938
Sun, 18 Sep 2022 07:11:36 GMT|1|20053.9|2866338.14|20037.59|14196939
Sun, 18 Sep 2022 07:12:45 GMT|1|20068.01|2867120.75|20047.54|14200017
Sun, 18 Sep 2022 07:28:00 GMT|1|20085.93|2870331.74|20069.49|14212147
Sun, 18 Sep 2022 07:29:54 GMT|1|20080.44|2869814.99|20064.01|14218966
Sun, 18 Sep 2022 07:38:50 GMT|1|20079.12|2869073.94|20059.08|14189021
Sun, 18 Sep 2022 07:54:51 GMT|1|20061.89|2869072.66|20051.09|14197699
Sun, 18 Sep 2022 07:56:19 GMT|1|20057.77|2868849.51|20043.27|14197697
Sun, 18 Sep 2022 07:59:32 GMT|1|20058.71|2867122.26|20039.62|14197697
Sun, 18 Sep 2022 08:16:08 GMT|1|20080.81|2869912.68|20057.17|14264595
Sun, 18 Sep 2022 08:31:28 GMT|1|20066.42|2868414.35|20046.35|14220999
Sun, 18 Sep 2022 08:49:09 GMT|1|20066.88|2868553.52|20054.69|14225000
Sun, 18 Sep 2022 09:06:42 GMT|1|20059.08|2867300.24|20040.4|14235091
Sun, 18 Sep 2022 09:22:08 GMT|1|20038.18|2864749.81|20025.74|14232046
Sun, 18 Sep 2022 09:39:45 GMT|1|20004.05|2860771.9|19989.08|14192471
Sun, 18 Sep 2022 09:48:12 GMT|1|19874.02|2842185.83|19854.03|14175000
Sun, 18 Sep 2022 10:04:20 GMT|1|19814.6|2833376.99|19801.38|14133333
Sun, 18 Sep 2022 10:09:55 GMT|1|19829.93|2834576.57|19810.47|14133333
Sun, 18 Sep 2022 10:11:25 GMT|1|19863.58|2839605.25|19844.99|14133333
Sun, 18 Sep 2022 10:27:46 GMT|1|19998.58|2858416.18|19979.67|14175547
Sun, 18 Sep 2022 10:44:42 GMT|1|19943.41|2851421.22|19931.96|14144022
Sun, 18 Sep 2022 11:01:48 GMT|1|19918.99|2846875.47|19900.44|14141298
Sun, 18 Sep 2022 11:17:08 GMT|1|19914.35|2845985.01|19892.45|14128970
Sun, 18 Sep 2022 11:33:20 GMT|1|19934.86|2849882.04|19913.98|14152670
Sun, 18 Sep 2022 11:48:38 GMT|1|19918.43|2847562.95|19897.77|14176237
Mon, 19 Sep 2022 03:34:25 GMT|1|18757.83|2689017.97|18762.93|13544997
Mon, 19 Sep 2022 03:35:26 GMT|1|18750.97|2689788.52|18763.47|13524998
Mon, 19 Sep 2022 03:36:27 GMT|1|18755.35|2689432.41|18764.42|13400279
Mon, 19 Sep 2022 03:37:28 GMT|1|18752.72|2689215.03|18763.46|13400279
Mon, 19 Sep 2022 03:38:29 GMT|1|18754.87|2689189.35|18767.83|13400279
Mon, 19 Sep 2022 03:39:29 GMT|1|18754.65|2689308.84|18761.54|13400279
Mon, 19 Sep 2022 03:40:30 GMT|1|18762.66|2690192.47|18772.66|13514999
Mon, 19 Sep 2022 03:43:59 GMT|1|18763.92|2690201.94|18775.33|13514999
Mon, 19 Sep 2022 03:45:00 GMT|1|18738.57|2687382.48|18740.92|13514999
Mon, 19 Sep 2022 03:46:01 GMT|1|18736.45|2686895.8|18754.94|13514999
Mon, 19 Sep 2022 03:47:02 GMT|1|18762.52|2689291.61|18771.71|13499979
Mon, 19 Sep 2022 03:48:02 GMT|1|18789.77|2694593.91|18786.69|13499979
Mon, 19 Sep 2022 03:49:03 GMT|1|18798.52|2694671.97|18809.38|13499979
Mon, 19 Sep 2022 03:50:05 GMT|1|18810.49|2695562.07|18813.22|13400112
Mon, 19 Sep 2022 03:51:06 GMT|1|18809.34|2695920.5|18819.07|13400112
Mon, 19 Sep 2022 03:52:07 GMT|1|18799.27|2694209.25|18813.88|13489991
Mon, 19 Sep 2022 03:53:08 GMT|1|18786.79|2693445.67|18801.01|13489991
Mon, 19 Sep 2022 03:54:09 GMT|1|18787.48|2693089.61|18797.9|13400032
Mon, 19 Sep 2022 03:55:10 GMT|1|18780.12|2692200.79|18796.54|13400015
Mon, 19 Sep 2022 03:56:11 GMT|1|18787.67|2692717.46|18795.54|13479977
Mon, 19 Sep 2022 03:57:11 GMT|1|18786.18|2692537.82|18794.08|13479961
Mon, 19 Sep 2022 03:58:12 GMT|1|18780.82|2692320.35|18795.39|13479925
Mon, 19 Sep 2022 03:59:13 GMT|1|18780.87|2692482.53|18790.34|13479925
Mon, 19 Sep 2022 04:00:14 GMT|1|18779.18|2693081.34|18791.16|13479987
Mon, 19 Sep 2022 04:01:15 GMT|1|18802.74|2694982.95|18806.82|13479987
Mon, 19 Sep 2022 04:02:16 GMT|1|18797.87|2693734.79|18800.83|13479993
Mon, 19 Sep 2022 04:03:17 GMT|1|18790.71|2693522.09|18799.48|13479993
Mon, 19 Sep 2022 04:04:18 GMT|1|18803.54|2694515.97|18810.5|13479993
Mon, 19 Sep 2022 04:05:19 GMT|1|18798.87|2695285.74|18817.98|13400001
Mon, 19 Sep 2022 04:06:20 GMT|1|18798.41|2694280.2|18807.89|13400001
Mon, 19 Sep 2022 04:07:21 GMT|1|18799.94|2694423.73|18812.25|13400001
Mon, 19 Sep 2022 04:08:22 GMT|1|18806.63|2694927.05|18812.58|13400001
Mon, 19 Sep 2022 04:09:23 GMT|1|18804.11|2694671.87|18812.94|13440000
Mon, 19 Sep 2022 04:10:24 GMT|1|18799.41|2694484.2|18812.95|13479999
Mon, 19 Sep 2022 04:11:25 GMT|1|18805.69|2695048.6|18813.39|13440000
Mon, 19 Sep 2022 04:12:26 GMT|1|18802.45|2694347.64|18811.19|13440000
Mon, 19 Sep 2022 04:13:26 GMT|1|18799.45|2694106.12|18810.98|13440000
Mon, 19 Sep 2022 04:14:27 GMT|1|18794.99|2694145.46|18808.69|13440000
Mon, 19 Sep 2022 04:15:28 GMT|1|18787.4|2693378.21|18802.21|13440000
Mon, 19 Sep 2022 04:16:29 GMT|1|18804.81|2694980.18|18812.64|13440000
Mon, 19 Sep 2022 04:17:30 GMT|1|18807.2|2694815.82|18815.99|13440000
Mon, 19 Sep 2022 04:18:31 GMT|1|18815.73|2696315.49|18825.32|13440000
Mon, 19 Sep 2022 04:19:32 GMT|1|18837.17|2697799.05|18833.26|13440000
Mon, 19 Sep 2022 04:20:33 GMT|1|18847.54|2699723.23|18849.8|13480000
Mon, 19 Sep 2022 04:21:34 GMT|1|18840.92|2699573.19|18851.68|13480000
Mon, 19 Sep 2022 04:22:34 GMT|1|18851.82|2702052.3|18864.55|13480000
Mon, 19 Sep 2022 04:23:35 GMT|1|18856.14|2701463.02|18864.93|13480000
Mon, 19 Sep 2022 04:24:36 GMT|1|18874.3|2703330.76|18878.38|13499899
Mon, 19 Sep 2022 04:25:37 GMT|1|18843.99|2701111.47|18857.71|13410000
Mon, 19 Sep 2022 04:28:58 GMT|1|18812.84|2697459.43|18823.47|13401267
Mon, 19 Sep 2022 04:29:59 GMT|1|18806.76|2696339.82|18819.39|13401267
Mon, 19 Sep 2022 04:31:00 GMT|1|18803.91|2696181.8|18821.97|13401258
Mon, 19 Sep 2022 04:32:01 GMT|1|18811.36|2696356.19|18823.92|13401258
Mon, 19 Sep 2022 04:33:02 GMT|1|18801.86|2695648.39|18818.31|13449761
Mon, 19 Sep 2022 04:34:03 GMT|1|18807.1|2695106.67|18816.78|13449761
Mon, 19 Sep 2022 04:35:04 GMT|1|18794.57|2694454.35|18816.18|13449761
Mon, 19 Sep 2022 04:36:05 GMT|1|18794.47|2694166.61|18808.31|13449761
Mon, 19 Sep 2022 04:37:05 GMT|1|18792.84|2693826.38|18805.45|13401260
Mon, 19 Sep 2022 04:38:06 GMT|1|18793.23|2694009.94|18805.86|13401260
Mon, 19 Sep 2022 04:39:07 GMT|1|18791.53|2693634.63|18805.42|13401260
Mon, 19 Sep 2022 04:40:08 GMT|1|18802.59|2695154.91|18814.31|13449351
Mon, 19 Sep 2022 04:41:09 GMT|1|18798.25|2694486.39|18814.56|13401224
Mon, 19 Sep 2022 04:42:10 GMT|1|18802.47|2695021.99|18814.42|13349919
Mon, 19 Sep 2022 04:43:11 GMT|1|18817.67|2696897.33|18828.7|13401256
Mon, 19 Sep 2022 04:44:12 GMT|1|18811.79|2695935.05|18827.68|13401256
Mon, 19 Sep 2022 04:45:13 GMT|1|18804.51|2695085.75|18818.05|13401256
Mon, 19 Sep 2022 04:46:13 GMT|1|18813.74|2696062.98|18825.31|13349985
Mon, 19 Sep 2022 04:47:14 GMT|1|18808.75|2695314.48|18820.92|13349985
Mon, 19 Sep 2022 04:48:15 GMT|1|18813.97|2695872.79|18828.36|13310030
Mon, 19 Sep 2022 04:49:16 GMT|1|18808.12|2695245.91|18824.01|13349947
Mon, 19 Sep 2022 04:50:17 GMT|1|18809.19|2695739.49|18827.12|13401257
Mon, 19 Sep 2022 04:51:18 GMT|1|18811.59|2695168.3|18824.07|13401257
Mon, 19 Sep 2022 04:52:19 GMT|1|18814.89|2695848.55|18832.89|13401257
Mon, 19 Sep 2022 04:53:20 GMT|1|18804.22|2695444.34|18827.64|13401257
Mon, 19 Sep 2022 04:54:21 GMT|1|18822.08|2696694.67|18834.19|13401257
Mon, 19 Sep 2022 04:55:22 GMT|1|18822.92|2696928.72|18839.81|13401257
Mon, 19 Sep 2022 04:56:23 GMT|1|18830.85|2696665.1|18848.1|13401257
Mon, 19 Sep 2022 04:57:24 GMT|1|18818.19|2696412.17|18838.8|13428424
Mon, 19 Sep 2022 04:58:25 GMT|1|18820.2|2697221.33|18838.73|13407585
Mon, 19 Sep 2022 04:59:26 GMT|1|18820.14|2697448.95|18840.02|13407585
Mon, 19 Sep 2022 05:00:27 GMT|1|18814.54|2696935.16|18837.44|13407585
Mon, 19 Sep 2022 05:01:28 GMT|1|18814.47|2697252.23|18838.15|13407585
Mon, 19 Sep 2022 05:02:28 GMT|1|18803.86|2696001.3|18829.99|13358107
Wed, 21 Sep 2022 01:38:33 GMT|1|18928.6|2720394.63|18996.01|13471500
Wed, 21 Sep 2022 01:39:34 GMT|1|18930.41|2720582.51|18998.6|13471500
Wed, 21 Sep 2022 01:40:35 GMT|1|18927.79|2720219.39|19001.98|13490594
Wed, 21 Sep 2022 01:41:36 GMT|1|18927.38|2720249.54|18995.9|13490594
Wed, 21 Sep 2022 01:42:37 GMT|1|18931.55|2720518.01|18998.28|13490595
Wed, 21 Sep 2022 01:43:38 GMT|1|18935.3|2721141.38|19003.54|13490595
Wed, 21 Sep 2022 01:44:39 GMT|1|18939.6|2721533.12|19005.09|13490595
Wed, 21 Sep 2022 01:45:40 GMT|1|18949.19|2722086.47|19012.87|13496607
Wed, 21 Sep 2022 01:46:41 GMT|1|18947.43|2722960.12|19017.39|13496608
Wed, 21 Sep 2022 01:47:41 GMT|1|18949.47|2723240.92|19016.16|13496608
Wed, 21 Sep 2022 01:48:43 GMT|1|18938.07|2721913.25|19006.43|13496607
Wed, 21 Sep 2022 01:49:43 GMT|1|18937.33|2721453.21|19006.69|13496607
Wed, 21 Sep 2022 01:50:45 GMT|1|18920.19|2719850.1|18995.77|13491594
Wed, 21 Sep 2022 01:51:45 GMT|1|18898.24|2716753.48|18970.25|13462535
Wed, 21 Sep 2022 01:52:46 GMT|1|18906.81|2716250.21|18968.89|13462535
Wed, 21 Sep 2022 01:53:47 GMT|1|18906.19|2716397.37|18975.42|13455300
Wed, 21 Sep 2022 01:54:48 GMT|1|18901.46|2716673.88|18970.85|13455307
Wed, 21 Sep 2022 01:55:49 GMT|1|18898.8|2716246.61|18967.47|13455307
Wed, 21 Sep 2022 01:56:50 GMT|1|18879.41|2714025.14|18952.92|13455307
Wed, 21 Sep 2022 01:57:54 GMT|1|18897.73|2715259.94|18959.05|13455307
Wed, 21 Sep 2022 01:58:55 GMT|1|18895.41|2714759.82|18962.44|13455299
Wed, 21 Sep 2022 02:15:10 GMT|1|18980.69|2727246.29|19042.79|13506131
Wed, 21 Sep 2022 02:32:49 GMT|1|19048.5|2737012.72|19105.01|13555073
Wed, 21 Sep 2022 02:50:29 GMT|1|19042.1|2736404.35|19109.84|13556166
Wed, 21 Sep 2022 03:07:40 GMT|1|19013.28|2733580.84|19087.35|13541093
Wed, 21 Sep 2022 03:24:51 GMT|1|19010.49|2734304.08|19081.9|13519131
Wed, 21 Sep 2022 03:39:59 GMT|1|19023.48|2735700.97|19101.27|13578436
Wed, 21 Sep 2022 03:56:26 GMT|1|19017.66|2734937.87|19084.78|13558137
Wed, 21 Sep 2022 04:00:12 GMT|1|19025.49|2736367.2|19096.21|13568563
Wed, 21 Sep 2022 04:18:06 GMT|1|19023.71|2735048.41|19092.41|13563159
Wed, 21 Sep 2022 04:33:20 GMT|1|18968.83|2729359.18|19050.05|13501379
Wed, 21 Sep 2022 04:49:42 GMT|1|19013.2|2735399.19|19077.37|13554898
Wed, 21 Sep 2022 05:01:23 GMT|1|19011.05|2736487.03|19084.97|13545569
Wed, 21 Sep 2022 05:18:16 GMT|1|18995.09|2734482.18|19076.24|13545212
Wed, 21 Sep 2022 05:35:12 GMT|1|19125.17|2753183.85|19194.86|13633031
Wed, 21 Sep 2022 05:52:28 GMT|1|19023.28|2739577.73|19093.27|13580099
Wed, 21 Sep 2022 06:09:07 GMT|1|18939.72|2724858.79|19043.33|13507199
Wed, 21 Sep 2022 06:25:24 GMT|1|18901.94|2718548.01|19028.64|13500019
Wed, 21 Sep 2022 06:41:41 GMT|1|18822.09|2705008.11|19022.35|13465011
Wed, 21 Sep 2022 06:58:07 GMT|1|18878.43|2714478.03|19075.38|13495001
Wed, 21 Sep 2022 07:13:33 GMT|1|18852.97|2703905.76|19037.56|13465020
Wed, 21 Sep 2022 07:29:56 GMT|1|18927.91|2716805.8|19100.51|13490097
Wed, 21 Sep 2022 07:47:24 GMT|1|18945.06|2722980.73|19132.41|13509884
Wed, 21 Sep 2022 08:05:13 GMT|1|18904.58|2718585.49|19090.33|13530001
Wed, 21 Sep 2022 08:22:09 GMT|1|18895.34|2717900.72|19080.56|13499012
Wed, 21 Sep 2022 08:39:01 GMT|1|18852.9|2711228.34|19042.93|13478346
Wed, 21 Sep 2022 08:56:13 GMT|1|18883.73|2715497.61|19079.34|13479004
Wed, 21 Sep 2022 09:11:32 GMT|1|18856.56|2713561.44|19047.38|13462284
Wed, 21 Sep 2022 09:29:08 GMT|1|18877.73|2715769.93|19032.16|13444666
Wed, 21 Sep 2022 09:44:44 GMT|1|18964.49|2729963.64|19113.85|13549631
Wed, 21 Sep 2022 10:00:30 GMT|1|19000.27|2734050.27|19137.03|13574969
Wed, 21 Sep 2022 10:16:38 GMT|1|19014.74|2736917.21|19152.26|13568406
Wed, 21 Sep 2022 10:34:29 GMT|1|18966.25|2730410.08|19115.96|13531597
Wed, 21 Sep 2022 10:51:50 GMT|1|19134.83|2752494.29|19263.13|13649849
Wed, 21 Sep 2022 11:00:15 GMT|1|19109.62|2750107.61|19262.02|13645428
Wed, 21 Sep 2022 11:09:25 GMT|1|19100.95|2751321.66|19257.04|13627173
Wed, 21 Sep 2022 11:18:26 GMT|1|19121.04|2756098.97|19284.94|13654594
Wed, 21 Sep 2022 11:27:32 GMT|1|19128.34|2757030.81|19297.1|13661006
Wed, 21 Sep 2022 11:36:28 GMT|1|19116.53|2755445.57|19284.1|13687957
Wed, 21 Sep 2022 11:45:25 GMT|1|19160.43|2759505.78|19324.91|13688842
Wed, 21 Sep 2022 11:54:35 GMT|1|19170.87|2762308.33|19358.81|13774917
Wed, 21 Sep 2022 12:03:29 GMT|1|19149.81|2758113.72|19334.91|13691680
Wed, 21 Sep 2022 12:08:20 GMT|1|19171.41|2761005.3|19357.76|13691680
Wed, 21 Sep 2022 12:12:37 GMT|1|19155.82|2758697.61|19342.26|13749359
Wed, 21 Sep 2022 12:19:14 GMT|1|19158.47|2759480.23|19352.73|13631163
Wed, 21 Sep 2022 12:20:16 GMT|1|19152.24|2758655.33|19346.55|13631163
Wed, 21 Sep 2022 12:36:33 GMT|1|19246.24|2770640.3|19428.81|13750527
Wed, 21 Sep 2022 12:41:29 GMT|1|19227.63|2768399.11|19405.39|13774979
Wed, 21 Sep 2022 12:47:48 GMT|1|19264.14|2774676.14|19436.98|13753500
Wed, 21 Sep 2022 12:53:44 GMT|1|19230.34|2768149.26|19397.74|13699333
Fri, 23 Sep 2022 04:31:32 GMT|1|19416.13|2762327.57|19760.61|13904998
Fri, 23 Sep 2022 04:32:33 GMT|1|19444.69|2766391.13|19782.35|13909724
Fri, 23 Sep 2022 04:33:34 GMT|1|19451.24|2766723.53|19790.44|13924661
Fri, 23 Sep 2022 04:34:35 GMT|1|19452.48|2766871.47|19795.89|13930915
Fri, 23 Sep 2022 04:35:36 GMT|1|19445.11|2767012.3|19794.78|13930915
Fri, 23 Sep 2022 04:36:37 GMT|1|19458.12|2767970.67|19794.71|13930915
Fri, 23 Sep 2022 04:37:38 GMT|1|19443.11|2765780.33|19787.87|13930915
Fri, 23 Sep 2022 04:40:04 GMT|1|19435.03|2764895.49|19781.51|13917519
Fri, 23 Sep 2022 04:41:06 GMT|1|19445.9|2765497.47|19784.73|13915006
Fri, 23 Sep 2022 04:57:33 GMT|1|19450.84|2768774.55|19794.62|13937828
Fri, 23 Sep 2022 05:02:23 GMT|1|19425.43|2764065.51|19769.4|13900040
Fri, 23 Sep 2022 05:18:49 GMT|1|19419.02|2761262.35|19750.28|13894385
Fri, 23 Sep 2022 05:34:51 GMT|1|19405.5|2761545.72|19741.25|13903000
Fri, 23 Sep 2022 05:51:19 GMT|1|19393.31|2756856.52|19719.54|13861562
Fri, 23 Sep 2022 06:06:46 GMT|1|19383.08|2755861.41|19709.78|13900526
Fri, 23 Sep 2022 06:22:37 GMT|1|19360.19|2753564.85|19685.7|13900001
Fri, 23 Sep 2022 06:39:53 GMT|1|19369.15|2754594.28|19712.18|13949559
Fri, 23 Sep 2022 06:57:36 GMT|1|19333.84|2751925.78|19704.13|13855298
Fri, 23 Sep 2022 07:15:33 GMT|1|19305.78|2745497.17|19697|13823600
Fri, 23 Sep 2022 07:32:19 GMT|1|19273.11|2742603.08|19700.49|13831005
Fri, 23 Sep 2022 07:49:33 GMT|1|19252.38|2741121.6|19696.33|13880001
Fri, 23 Sep 2022 08:05:18 GMT|1|19261.79|2740666.65|19694.71|13800001
Fri, 23 Sep 2022 08:15:18 GMT|1|19220.66|2738290.32|19675.14|13800306
Fri, 23 Sep 2022 08:32:04 GMT|1|19185.68|2730753.64|19651.3|13752014
Fri, 23 Sep 2022 08:49:47 GMT|1|19058.72|2721173.92|19533.9|13668416
Fri, 23 Sep 2022 09:05:51 GMT|1|19082.83|2726931.64|19550.3|13702304
Fri, 23 Sep 2022 09:21:24 GMT|1|19113.75|2731521.25|19584.56|13729998
Fri, 23 Sep 2022 09:36:41 GMT|1|19013.78|2718448.22|19501.25|13661848
Fri, 23 Sep 2022 09:47:27 GMT|1|19008.5|2722514.49|19501.87|13622045
Fri, 23 Sep 2022 10:04:49 GMT|1|19102.58|2725444.98|19583.46|13685575
Fri, 23 Sep 2022 10:20:49 GMT|1|19086.64|2727346.06|19563.6|13706742
Fri, 23 Sep 2022 10:36:01 GMT|1|19087.42|2729503.74|19548.29|13674599
Fri, 23 Sep 2022 10:53:44 GMT|1|19012.83|2722591.37|19487.29|13641477
Fri, 23 Sep 2022 11:00:34 GMT|1|18956.23|2714473.34|19448.96|13741952
Fri, 23 Sep 2022 11:02:33 GMT|1|18947.94|2713269.74|19428.13|13658358
Fri, 23 Sep 2022 11:09:19 GMT|1|18948|2712233.05|19411.3|13736235
Fri, 23 Sep 2022 11:25:28 GMT|1|18908.32|2704998.83|19388.33|13631126
Fri, 23 Sep 2022 11:40:58 GMT|1|18900.07|2701401.65|19397.41|13650000
Fri, 23 Sep 2022 11:58:37 GMT|1|18850.98|2693843.62|19334.23|13580170
Fri, 23 Sep 2022 12:15:35 GMT|1|18939.96|2707618.76|19420.78|13582038
Fri, 23 Sep 2022 12:33:34 GMT|1|18877.91|2701785.72|19357.99|13590100
Fri, 23 Sep 2022 12:42:24 GMT|1|18872.17|2698286.7|19351.07|13595484
Fri, 23 Sep 2022 12:58:07 GMT|1|18891.71|2701688.61|19376.54|13590001
Fri, 23 Sep 2022 12:59:08 GMT|1|18907.41|2703876.56|19383.36|13610000
Fri, 23 Sep 2022 13:00:09 GMT|1|18890.85|2704012.37|19377.14|13590001
Fri, 23 Sep 2022 13:01:10 GMT|1|18888.79|2701520.8|19372.27|13590001
Fri, 23 Sep 2022 13:06:30 GMT|1|18945.76|2708643.26|19415.71|13583168
Fri, 23 Sep 2022 13:07:31 GMT|1|18976.07|2711037.61|19448.1|13583168
Fri, 23 Sep 2022 13:08:32 GMT|1|18995.37|2714636.7|19459.06|13583168
Fri, 23 Sep 2022 13:14:50 GMT|1|19014.33|2716523.36|19468.51|13650230
Fri, 23 Sep 2022 13:15:51 GMT|1|19011.24|2716252.36|19467.64|13643055
Fri, 23 Sep 2022 13:16:53 GMT|1|19013.18|2716383.19|19470.99|13643055
Fri, 23 Sep 2022 13:19:27 GMT|1|19027.86|2718972|19477|13682889
Fri, 23 Sep 2022 13:20:27 GMT|1|19044.46|2721051.27|19488.6|13620008
Fri, 23 Sep 2022 13:21:28 GMT|1|19037.88|2720169.81|19486.94|13650001
Fri, 23 Sep 2022 13:28:47 GMT|1|19035.16|2721526.15|19494.21|13675000
Fri, 23 Sep 2022 13:29:48 GMT|1|19020.99|2720581.13|19488.19|13675000
Fri, 23 Sep 2022 13:30:49 GMT|1|18995.16|2716491.95|19459.71|13699846
Fri, 23 Sep 2022 13:38:46 GMT|1|18942.44|2709856.06|19429|13631001
Fri, 23 Sep 2022 13:39:47 GMT|1|18940.65|2709053.42|19428.78|13631001
Fri, 23 Sep 2022 13:40:48 GMT|1|18951.59|2709874.15|19436.11|13606099
Fri, 23 Sep 2022 13:46:08 GMT|1|18933.84|2709937.9|19432.12|13630000
Fri, 23 Sep 2022 13:47:09 GMT|1|18926.66|2709333.57|19421.06|13630000
Fri, 23 Sep 2022 13:55:07 GMT|1|18736.55|2680886.7|19235.39|13500946
Fri, 23 Sep 2022 13:56:08 GMT|1|18729.81|2680390.56|19221.72|13575227
Fri, 23 Sep 2022 13:57:09 GMT|1|18710.82|2678985.71|19220.36|13500946
Fri, 23 Sep 2022 13:58:11 GMT|1|18674.99|2672798.02|19172.65|13478842
Fri, 23 Sep 2022 13:59:12 GMT|1|18662.23|2671427.61|19175.18|13450001
Fri, 23 Sep 2022 14:00:12 GMT|1|18639.27|2669512.87|19168.61|13468754
Fri, 23 Sep 2022 14:01:13 GMT|1|18664.14|2672537.57|19179.27|13470379
Fri, 23 Sep 2022 14:02:14 GMT|1|18644.57|2670275.05|19154.11|13415827
Fri, 23 Sep 2022 14:03:15 GMT|1|18613.3|2663566.53|19125.31|13415827
Fri, 23 Sep 2022 14:04:16 GMT|1|18575.04|2661225.73|19096.51|13400000
Fri, 23 Sep 2022 14:05:17 GMT|1|18622.55|2665483.15|19137.69|13389772
Fri, 23 Sep 2022 14:06:18 GMT|1|18619.62|2664759.61|19125.63|13422223
Fri, 23 Sep 2022 14:07:19 GMT|1|18629.49|2669698.78|19151.21|13436586
Fri, 23 Sep 2022 14:08:21 GMT|1|18628.87|2669559.29|19146.05|13447509
Fri, 23 Sep 2022 14:09:22 GMT|1|18646.25|2671740.38|19165.74|13433334
Fri, 23 Sep 2022 14:10:23 GMT|1|18631.42|2669514.86|19145.51|13433334
Fri, 23 Sep 2022 14:11:24 GMT|1|18620.62|2666860.27|19140.56|13505174
Fri, 23 Sep 2022 14:12:25 GMT|1|18623.97|2666367.64|19131.43|13450000
Fri, 23 Sep 2022 14:13:26 GMT|1|18631.72|2669252.62|19154.25|13379202
Fri, 23 Sep 2022 14:14:27 GMT|1|18643.32|2670065.86|19153.61|13444722
Fri, 23 Sep 2022 14:15:28 GMT|1|18611.48|2666218.66|19134.72|13380127
Fri, 23 Sep 2022 14:16:30 GMT|1|18603.66|2664444.39|19118.31|13507402
Fri, 23 Sep 2022 14:17:31 GMT|1|18613.75|2665072.45|19114.05|13433186
Fri, 23 Sep 2022 14:18:32 GMT|1|18622.53|2667455.2|19138.53|13433334
Fri, 23 Sep 2022 14:19:33 GMT|1|18606.09|2666187.56|19115.52|13549790
Fri, 23 Sep 2022 14:20:34 GMT|1|18597.03|2664924.35|19108.3|13400001
Fri, 23 Sep 2022 14:21:35 GMT|1|18576.77|2661165.47|19084.07|13400001
Fri, 23 Sep 2022 14:22:36 GMT|1|18606.49|2664573.51|19120.47|13400001
Fri, 23 Sep 2022 14:23:37 GMT|1|18600.45|2664631.93|19098.91|13474892
Fri, 23 Sep 2022 14:24:38 GMT|1|18582.05|2662697.96|19090.62|13400001
Fri, 23 Sep 2022 14:25:39 GMT|1|18545.29|2658008.4|19064.93|13400000
Fri, 23 Sep 2022 14:40:48 GMT|1|18650.47|2671905.57|19185.91|13449999
Fri, 23 Sep 2022 14:41:49 GMT|1|18679.12|2674551.5|19214.53|13450000
Fri, 23 Sep 2022 14:42:50 GMT|1|18677.9|2675738.02|19233.27|13450000
Fri, 23 Sep 2022 14:43:51 GMT|1|18692.91|2678154.76|19242.74|13450003
Fri, 23 Sep 2022 14:44:51 GMT|1|18703.96|2678218.89|19250.24|13478439
Fri, 23 Sep 2022 14:45:52 GMT|1|18719.98|2682074.76|19268.23|13514977
Fri, 23 Sep 2022 14:46:53 GMT|1|18716.39|2681748.84|19255.35|13455083
Fri, 23 Sep 2022 14:47:54 GMT|1|18718.34|2681341.1|19271.03|13489735
Fri, 23 Sep 2022 14:48:55 GMT|1|18740.04|2683431.32|19284.87|13515000
Fri, 23 Sep 2022 14:49:56 GMT|1|18733.59|2683819.62|19287.56|13523842
Fri, 23 Sep 2022 14:50:57 GMT|1|18713.28|2681907.19|19272.74|13433333
Fri, 23 Sep 2022 14:51:58 GMT|1|18703.74|2680064.83|19251.86|13499634
Fri, 23 Sep 2022 14:52:59 GMT|1|18687.09|2677441.61|19243.24|13451154
Fri, 23 Sep 2022 14:54:00 GMT|1|18694.36|2678192.29|19246.62|13451171
Fri, 23 Sep 2022 14:55:02 GMT|1|18709.3|2680240.49|19265.14|13484997
Fri, 23 Sep 2022 14:56:03 GMT|1|18688.18|2678092.1|19253.33|13490005
Fri, 23 Sep 2022 14:57:04 GMT|1|18691.8|2678724.5|19254.94|13477716
Fri, 23 Sep 2022 14:58:05 GMT|1|18684.99|2678159.96|19258.92|13499989
Fri, 23 Sep 2022 14:59:06 GMT|1|18682.61|2678029.73|19248.7|13493596
Fri, 23 Sep 2022 15:00:07 GMT|1|18674.67|2677529.83|19241.57|13477295
Fri, 23 Sep 2022 15:01:08 GMT|1|18646.18|2674477.59|19217.07|13416109
Fri, 23 Sep 2022 15:02:10 GMT|1|18642.71|2673397.94|19213.31|13416109
Fri, 23 Sep 2022 15:03:10 GMT|1|18637.77|2671818.8|19209.35|13444343
Fri, 23 Sep 2022 15:04:11 GMT|1|18626.67|2668693.38|19195.5|13458669
Fri, 23 Sep 2022 15:05:12 GMT|1|18612.18|2666783.5|19172.05|13445144
Fri, 23 Sep 2022 15:06:13 GMT|1|18634.9|2669677.03|19186.96|13435057
Fri, 23 Sep 2022 15:07:14 GMT|1|18659.51|2673168.17|19207.25|13400153
Fri, 23 Sep 2022 15:08:15 GMT|1|18680.49|2676239.32|19231.18|13475688
Fri, 23 Sep 2022 15:09:16 GMT|1|18657.71|2672911.93|19204.54|13479989
Fri, 23 Sep 2022 15:10:17 GMT|1|18677.96|2674713.79|19217.68|13446345
Fri, 23 Sep 2022 15:11:17 GMT|1|18687.13|2676064.54|19234.5|13446345
Fri, 23 Sep 2022 15:12:18 GMT|1|18687.69|2676187.16|19240.37|13446345
Fri, 23 Sep 2022 15:13:19 GMT|1|18683.77|2678445.69|19242.39|13446345
Fri, 23 Sep 2022 15:14:20 GMT|1|18654.39|2674520.63|19213.11|13458804
Fri, 23 Sep 2022 15:15:21 GMT|1|18656.19|2674232.85|19210.05|13446345
Fri, 23 Sep 2022 15:16:22 GMT|1|18675.41|2676212.09|19225.35|13458804
Fri, 23 Sep 2022 15:17:23 GMT|1|18677.58|2676494.13|19227.44|13468049
Fri, 23 Sep 2022 15:18:24 GMT|1|18685.21|2676464.25|19220.43|13478093
Fri, 23 Sep 2022 15:19:25 GMT|1|18732.3|2683379.23|19271.26|13478092
Fri, 23 Sep 2022 15:20:26 GMT|1|18720.96|2684157.06|19278.54|13523840
Fri, 23 Sep 2022 15:21:27 GMT|1|18705.58|2682000.84|19265.29|13496489
Fri, 23 Sep 2022 15:22:28 GMT|1|18723.65|2684167.9|19273.82|13498049
Fri, 23 Sep 2022 15:23:29 GMT|1|18727.87|2684364.97|19283.14|13498049
Fri, 23 Sep 2022 15:39:02 GMT|1|18803.96|2695242.49|19355.12|13563488
Fri, 23 Sep 2022 15:54:57 GMT|1|18735.47|2684238.61|19257.84|13426998
Fri, 23 Sep 2022 15:57:05 GMT|1|18704.6|2681267.45|19247.37|13440001
Fri, 23 Sep 2022 15:58:06 GMT|1|18723.63|2681663.84|19253.44|13450001
Fri, 23 Sep 2022 16:14:57 GMT|1|18669.02|2672834.11|19199.46|13415000
Fri, 23 Sep 2022 16:31:54 GMT|1|18578.32|2663092.09|19145.94|13390001
Fri, 23 Sep 2022 16:44:16 GMT|1|18689.5|2678116.55|19249.26|13425064
Fri, 23 Sep 2022 16:48:47 GMT|1|18725.12|2681822.86|19275.51|13429142
Fri, 23 Sep 2022 17:04:16 GMT|1|18798.59|2691922.24|19348.32|13440200
Fri, 23 Sep 2022 17:11:17 GMT|1|18805.73|2693532.98|19357.71|13522492
Fri, 23 Sep 2022 17:12:19 GMT|1|18795.21|2692876.34|19362.65|13534561
Fri, 23 Sep 2022 17:13:20 GMT|1|18810.27|2694217.38|19366.03|13569768
Fri, 23 Sep 2022 17:14:21 GMT|1|18808.3|2694946.57|19362.02|13534562
Fri, 23 Sep 2022 17:15:22 GMT|1|18811.57|2695126.55|19369.11|13560897
Fri, 23 Sep 2022 17:16:22 GMT|1|18823.26|2696296.54|19380.44|13535562
Fri, 23 Sep 2022 17:17:23 GMT|1|18833.76|2698809.31|19397.22|13535563
Fri, 23 Sep 2022 17:18:24 GMT|1|18832.72|2698439.71|19392.08|13535600
Fri, 23 Sep 2022 17:19:25 GMT|1|18843.58|2699709.08|19400.75|13560889
Fri, 23 Sep 2022 17:35:45 GMT|1|18699.18|2681883.28|19267.72|13507650
Fri, 23 Sep 2022 17:46:40 GMT|1|18688.69|2679174.11|19278.24|13430931
Fri, 23 Sep 2022 17:47:41 GMT|1|18705.44|2680965.82|19290.86|13430931
Fri, 23 Sep 2022 17:48:42 GMT|1|18720.62|2685103.71|19311.37|13430930
Fri, 23 Sep 2022 17:49:43 GMT|1|18715.06|2684104.83|19307.8|13430939
Fri, 23 Sep 2022 17:50:44 GMT|1|18710.56|2684233.8|19306.78|13430939
Fri, 23 Sep 2022 17:51:45 GMT|1|18708.67|2683616.27|19301.34|13430999
Fri, 23 Sep 2022 17:52:46 GMT|1|18745.11|2686029.64|19335.27|13435999
Fri, 23 Sep 2022 17:53:47 GMT|1|18733.08|2687882.45|19335.48|13435999
Fri, 23 Sep 2022 17:54:48 GMT|1|18743.03|2688456.25|19336.46|13435999
Fri, 23 Sep 2022 17:55:49 GMT|1|18740.12|2688447.22|19337.76|13441012
Fri, 23 Sep 2022 17:56:50 GMT|1|18741.51|2689270.31|19347.28|13449998
Fri, 23 Sep 2022 17:57:51 GMT|1|18722.18|2686850.69|19325.23|13450005
Fri, 23 Sep 2022 17:58:52 GMT|1|18778.71|2690502.22|19355.43|13455046
Fri, 23 Sep 2022 17:59:53 GMT|1|18778.87|2693459.8|19374.07|13430035
Fri, 23 Sep 2022 18:00:54 GMT|1|18757.14|2691269.07|19359.54|13472490
Fri, 23 Sep 2022 18:01:55 GMT|1|18702.36|2685082.61|19309.1|13450001
Fri, 23 Sep 2022 18:02:56 GMT|1|18772.73|2693141.33|19376.34|13450001
Fri, 23 Sep 2022 18:03:57 GMT|1|18750.94|2690905.37|19349.22|13450003
Fri, 23 Sep 2022 18:04:58 GMT|1|18769.96|2693190.63|19372.65|13450003
Fri, 23 Sep 2022 18:05:59 GMT|1|18771.33|2693342.4|19368.79|13450009
Fri, 23 Sep 2022 18:07:00 GMT|1|18795.4|2694653.48|19380.86|13450017
Fri, 23 Sep 2022 18:08:01 GMT|1|18808.35|2698366.75|19401.38|13520628
Fri, 23 Sep 2022 18:09:02 GMT|1|18786.18|2695809.2|19389|13520628
Fri, 23 Sep 2022 18:10:04 GMT|1|18750.2|2691260.22|19374.53|13450022
Fri, 23 Sep 2022 18:11:05 GMT|1|18737.23|2688423.23|19334.72|13487589
Fri, 23 Sep 2022 18:12:07 GMT|1|18688.91|2682192.48|19301.23|13486066
Fri, 23 Sep 2022 18:13:08 GMT|1|18672.67|2679370.68|19271.64|13450023
Fri, 23 Sep 2022 18:14:09 GMT|1|18681.11|2679782.12|19278.01|13450023
Fri, 23 Sep 2022 18:15:10 GMT|1|18682.35|2679429.88|19276.29|13450023
Fri, 23 Sep 2022 18:16:11 GMT|1|18671.56|2679713.23|19276.06|13450021
Fri, 23 Sep 2022 18:17:12 GMT|1|18678.89|2681007.08|19287.56|13430045
Fri, 23 Sep 2022 18:18:13 GMT|1|18707.31|2684098.45|19313.75|13430045
Fri, 23 Sep 2022 18:19:14 GMT|1|18695.19|2681974.72|19308.28|13430107
Fri, 23 Sep 2022 18:20:15 GMT|1|18699.98|2682058.1|19305.52|13430107
Fri, 23 Sep 2022 18:21:16 GMT|1|18700.94|2681702.22|19312.3|13430127
Fri, 23 Sep 2022 18:22:16 GMT|1|18747.33|2688514.1|19352.75|13469813
Fri, 23 Sep 2022 18:23:17 GMT|1|18771.39|2690533.86|19373.59|13500819
Fri, 23 Sep 2022 18:24:19 GMT|1|18749.15|2689364.87|19365.66|13430230
Fri, 23 Sep 2022 18:25:20 GMT|1|18740.35|2687827.59|19346.59|13430274
Fri, 23 Sep 2022 18:26:21 GMT|1|18758.89|2690785.62|19369.82|13430287
Fri, 23 Sep 2022 18:27:22 GMT|1|18752.07|2690107.18|19364.13|13435302
Fri, 23 Sep 2022 18:28:22 GMT|1|18720.49|2686932.27|19346.3|13435302
Fri, 23 Sep 2022 18:29:24 GMT|1|18737.1|2687857.76|19342.34|13456057
Fri, 23 Sep 2022 18:30:25 GMT|1|18717.63|2684989.64|19337.88|13456068
Fri, 23 Sep 2022 18:31:26 GMT|1|18694.46|2682471.17|19322.74|13457019
Fri, 23 Sep 2022 18:32:27 GMT|1|18698.18|2682455.88|19320.67|13435028
Fri, 23 Sep 2022 18:33:28 GMT|1|18703.52|2682352.84|19316.8|13445039
Fri, 23 Sep 2022 18:34:29 GMT|1|18697.22|2682618.16|19325.68|13450054
Fri, 23 Sep 2022 18:35:30 GMT|1|18707.7|2683205.16|19328.12|13460055
Fri, 23 Sep 2022 18:36:30 GMT|1|18697.32|2682110.08|19315.1|13455437
Fri, 23 Sep 2022 18:37:31 GMT|1|18689.05|2681994.7|19317.35|13500647
Fri, 23 Sep 2022 18:38:32 GMT|1|18703.74|2683196.52|19327.29|13440830
Fri, 23 Sep 2022 18:39:33 GMT|1|18701.7|2682643.98|19330.02|13440834
Fri, 23 Sep 2022 18:40:34 GMT|1|18687.58|2681476.31|19311.44|13440868
Fri, 23 Sep 2022 18:41:35 GMT|1|18698.04|2682182.08|19313.74|13440868
Fri, 23 Sep 2022 18:42:36 GMT|1|18691.9|2681433.91|19318.08|13500370
Fri, 23 Sep 2022 18:43:37 GMT|1|18712.19|2683884.08|19334.79|13440909
Fri, 23 Sep 2022 18:44:38 GMT|1|18719.13|2685705.5|19347.62|13440909
Fri, 23 Sep 2022 18:45:39 GMT|1|18716.74|2684785.33|19341.01|13440910
Fri, 23 Sep 2022 18:46:40 GMT|1|18746.31|2687873.84|19366.42|13440841
Fri, 23 Sep 2022 18:47:41 GMT|1|18719.49|2685779.09|19356.18|13445290
Fri, 23 Sep 2022 18:48:42 GMT|1|18750.36|2688177.88|19370.95|13445290
Fri, 23 Sep 2022 18:49:42 GMT|1|18734.7|2687109.36|19359.64|13470166
Fri, 23 Sep 2022 18:50:43 GMT|1|18732.31|2686319.76|19350.37|13491085
Fri, 23 Sep 2022 18:51:44 GMT|1|18731.32|2686397.07|19352.27|13470166
Fri, 23 Sep 2022 18:52:46 GMT|1|18719.97|2685538.28|19347.8|13470166
Fri, 23 Sep 2022 18:53:47 GMT|1|18714.43|2686175.47|19348.46|13470166
Fri, 23 Sep 2022 18:54:48 GMT|1|18698.93|2684200.3|19334.97|13470166
Fri, 23 Sep 2022 18:55:49 GMT|1|18661.88|2678816.94|19313.97|13445289
Fri, 23 Sep 2022 18:56:50 GMT|1|18658.06|2678086.32|19293.48|13470151
Fri, 23 Sep 2022 18:57:51 GMT|1|18659.87|2676630.65|19288.86|13350019
Fri, 23 Sep 2022 18:58:51 GMT|1|18631.01|2674132|19283.79|13350028
Fri, 23 Sep 2022 18:59:53 GMT|1|18643.09|2675136.45|19283.32|13350050
Fri, 23 Sep 2022 19:00:54 GMT|1|18667.28|2676953.86|19295.53|13350050
Fri, 23 Sep 2022 19:01:55 GMT|1|18681.75|2678983.85|19314.58|13350075
Fri, 23 Sep 2022 19:02:56 GMT|1|18676.94|2678915.17|19310.88|13355369
Fri, 23 Sep 2022 19:03:57 GMT|1|18698.96|2680859|19329.53|13355375
Fri, 23 Sep 2022 19:04:58 GMT|1|18735.47|2684111.27|19360.03|13355403
Fri, 23 Sep 2022 19:05:59 GMT|1|18721.9|2684559.04|19349.58|13360040
Fri, 23 Sep 2022 19:07:00 GMT|1|18683.81|2680889.89|19311.86|13360049
Fri, 23 Sep 2022 19:08:01 GMT|1|18738.86|2685156.5|19351.65|13491084
Fri, 23 Sep 2022 19:09:02 GMT|1|18757.37|2687021.3|19367.1|13385079
Fri, 23 Sep 2022 19:10:02 GMT|1|18735.15|2684937|19344.56|13405111
Fri, 23 Sep 2022 19:11:03 GMT|1|18723.77|2683987.72|19336.62|13415123
Fri, 23 Sep 2022 19:12:04 GMT|1|18707.61|2681931.58|19326.23|13425128
Fri, 23 Sep 2022 19:13:05 GMT|1|18678.97|2680235.68|19298.94|13500831
Fri, 23 Sep 2022 19:14:06 GMT|1|18676.86|2677332.5|19279.13|13440137
Fri, 23 Sep 2022 19:15:07 GMT|1|18702.07|2679261.15|19297.66|13430128
Fri, 23 Sep 2022 19:16:08 GMT|1|18727.04|2684038.35|19335.63|13325997
Fri, 23 Sep 2022 19:17:09 GMT|1|18726.4|2684827.27|19346.64|13478067
Fri, 23 Sep 2022 19:18:10 GMT|1|18729.66|2683922.23|19337.59|13351005
Fri, 23 Sep 2022 19:19:10 GMT|1|18739.76|2685677.92|19353.72|13470066
Fri, 23 Sep 2022 19:20:11 GMT|1|18708.42|2683940.42|19333.27|13455000
Fri, 23 Sep 2022 19:21:12 GMT|1|18735.49|2685436.25|19350.82|13401000
Fri, 23 Sep 2022 19:22:13 GMT|1|18690.28|2680591.98|19323.45|13431000
Fri, 23 Sep 2022 19:23:14 GMT|1|18681.61|2680050.47|19303.26|13430999
Fri, 23 Sep 2022 19:24:15 GMT|1|18691.43|2680603.09|19305.09|13401000
Fri, 23 Sep 2022 19:25:16 GMT|1|18683.76|2679731.2|19298.72|13420095
Fri, 23 Sep 2022 19:26:16 GMT|1|18670.64|2677613.97|19284.2|13411536
Fri, 23 Sep 2022 19:27:18 GMT|1|18655.94|2676717.74|19281.03|13430001
Fri, 23 Sep 2022 19:28:19 GMT|1|18696.58|2679213.44|19294.96|13430001
Fri, 23 Sep 2022 19:29:20 GMT|1|18699.81|2681380.79|19312.25|13478055
Fri, 23 Sep 2022 19:30:21 GMT|1|18711.62|2682771.12|19319.64|13431236
Fri, 23 Sep 2022 19:31:22 GMT|1|18728.8|2684938.31|19341.87|13490072
Fri, 23 Sep 2022 19:32:23 GMT|1|18722.72|2684339.67|19337.29|13490062
Fri, 23 Sep 2022 19:39:40 GMT|1|18745.58|2687785.94|19358.14|13510905
Fri, 23 Sep 2022 19:40:41 GMT|1|18743.05|2687722.66|19357.18|13510905
Fri, 23 Sep 2022 19:41:42 GMT|1|18750.53|2687884.16|19355.27|13485004
Fri, 23 Sep 2022 19:49:52 GMT|1|18779.24|2693623.53|19398.37|13480059
Fri, 23 Sep 2022 19:50:53 GMT|1|18774.87|2691870.06|19370.9|13480067
Fri, 23 Sep 2022 19:51:54 GMT|1|18790.33|2693466.33|19403.03|13480116
Fri, 23 Sep 2022 19:52:54 GMT|1|18786.1|2694488.67|19402.32|13480167
Fri, 23 Sep 2022 19:54:55 GMT|1|18803.84|2694821.71|19405.12|13482035
Fri, 23 Sep 2022 19:55:56 GMT|1|18808.87|2695941.94|19412.85|13490023
Fri, 23 Sep 2022 19:56:57 GMT|1|18795.25|2694230.89|19389.21|13500001
Fri, 23 Sep 2022 20:03:45 GMT|1|18840.18|2701073.7|19438.25|13570699
Fri, 23 Sep 2022 20:04:45 GMT|1|18842.93|2700997.74|19439.27|13500100
Fri, 23 Sep 2022 20:05:46 GMT|1|18847.3|2701332.88|19447.03|13570699
Fri, 23 Sep 2022 20:06:47 GMT|1|18853.9|2702536.76|19454.1|13555065
Fri, 23 Sep 2022 20:07:48 GMT|1|18878.78|2707298.91|19477.93|13555065
Fri, 23 Sep 2022 20:08:49 GMT|1|18873.58|2706585.03|19476.55|13555966
Fri, 23 Sep 2022 20:09:50 GMT|1|18891.81|2708704.66|19496.36|13570699
Fri, 23 Sep 2022 20:10:51 GMT|1|18907.27|2710097.7|19504.73|13571004
Fri, 23 Sep 2022 20:11:52 GMT|1|18898.3|2710557.23|19504.99|13571004
Fri, 23 Sep 2022 20:12:53 GMT|1|18894.88|2709496.09|19497.39|13571655
Fri, 23 Sep 2022 20:13:54 GMT|1|18880.95|2708700.02|19483.93|13571655
Fri, 23 Sep 2022 20:29:16 GMT|1|18926.46|2714377.53|19532.77|13615000
Fri, 23 Sep 2022 20:45:51 GMT|1|18911.76|2711780.54|19513.78|13557411
Fri, 23 Sep 2022 20:51:42 GMT|1|18920.06|2711193.05|19515.47|13614941
Fri, 23 Sep 2022 20:52:43 GMT|1|18922.11|2711765.78|19521.36|13567970
Fri, 23 Sep 2022 20:53:44 GMT|1|18883.04|2710591.65|19494.58|13614992
Fri, 23 Sep 2022 20:54:45 GMT|1|18904.41|2709802.23|19495.22|13578794
Fri, 23 Sep 2022 20:55:46 GMT|1|18881.35|2707701.65|19485.68|13614919
Fri, 23 Sep 2022 20:56:47 GMT|1|18876.94|2706632.71|19477.46|13567921
Fri, 23 Sep 2022 20:57:48 GMT|1|18876.54|2706993.34|19474.46|13567921
Fri, 23 Sep 2022 20:58:49 GMT|1|18853.6|2703973.93|19470.61|13567922
Fri, 23 Sep 2022 20:59:49 GMT|1|18851.66|2704070.39|19452.12|13567922
Fri, 23 Sep 2022 21:00:50 GMT|1|18852.57|2703525.59|19455.45|13567922
Fri, 23 Sep 2022 21:01:51 GMT|1|18850.46|2703152.83|19452.85|13567921
Fri, 23 Sep 2022 21:02:52 GMT|1|18861.81|2704460.34|19457.78|13567921
Fri, 23 Sep 2022 21:03:53 GMT|1|18865.74|2705293.96|19468.23|13567929
Fri, 23 Sep 2022 21:04:54 GMT|1|18868.41|2705411.49|19468.04|13592984
Fri, 23 Sep 2022 21:05:55 GMT|1|18873.85|2705520.26|19471.8|13567929
Fri, 23 Sep 2022 21:06:55 GMT|1|18873.02|2706170.91|19476.19|13567921
Fri, 23 Sep 2022 21:07:56 GMT|1|18860.86|2705234.36|19464.52|13567921
Fri, 23 Sep 2022 21:08:57 GMT|1|18847.62|2702763.66|19452.06|13588956
Fri, 23 Sep 2022 21:09:58 GMT|1|18834.21|2701141.97|19438.92|13592992
Fri, 23 Sep 2022 21:10:59 GMT|1|18817.22|2697667.16|19425.79|13592992
Fri, 23 Sep 2022 21:12:00 GMT|1|18810.84|2697301.02|19414.59|13567921
Fri, 23 Sep 2022 21:13:01 GMT|1|18813.66|2697225.11|19414.58|13567921
Fri, 23 Sep 2022 21:14:14 GMT|1|18825.67|2699016.14|19424.1|13490500
Fri, 23 Sep 2022 21:15:15 GMT|1|18819.62|2698813.74|19422.33|13490501
Fri, 23 Sep 2022 21:16:16 GMT|1|18841.81|2700425.44|19441.41|13490500
Fri, 23 Sep 2022 21:17:17 GMT|1|18859.07|2703479.6|19457.77|13490534
Fri, 23 Sep 2022 21:18:18 GMT|1|18859.23|2703399.78|19462.34|13500501
Fri, 23 Sep 2022 21:19:18 GMT|1|18861.65|2704289.43|19465.17|13505007
Fri, 23 Sep 2022 21:20:19 GMT|1|18869.27|2705032.84|19467|13510013
Fri, 23 Sep 2022 21:21:20 GMT|1|18895.36|2708680.69|19484.25|13558999
Fri, 23 Sep 2022 21:22:21 GMT|1|18902.66|2709574.51|19488.18|13579000
Fri, 23 Sep 2022 21:23:22 GMT|1|18881.73|2708446.13|19490.35|13585000
Fri, 23 Sep 2022 21:24:23 GMT|1|18873.58|2706579.34|19482.4|13585000
Fri, 23 Sep 2022 21:25:24 GMT|1|18866.87|2705275.62|19475.12|13516004
Fri, 23 Sep 2022 21:26:25 GMT|1|18863.33|2704854.86|19470.32|13545008
Fri, 23 Sep 2022 21:27:26 GMT|1|18874.94|2706692.3|19478.33|13545019
Fri, 23 Sep 2022 21:28:27 GMT|1|18864.18|2705463.84|19470.09|13614980
Fri, 23 Sep 2022 21:29:47 GMT|1|18864.43|2704852.09|19469.93|13614978
Fri, 23 Sep 2022 21:30:48 GMT|1|18859.37|2704917.07|19468.21|13614966
Fri, 23 Sep 2022 21:31:49 GMT|1|18858.87|2704459.71|19463.88|13545032
Fri, 23 Sep 2022 21:32:50 GMT|1|18886.87|2706677.25|19476.25|13545539
Fri, 23 Sep 2022 21:33:51 GMT|1|18895.83|2708813.64|19500.2|13566236
Fri, 23 Sep 2022 21:34:51 GMT|1|18894.48|2709385.91|19499.2|13614882
Fri, 23 Sep 2022 21:35:52 GMT|1|18896.17|2709413.42|19501.39|13576236
Fri, 23 Sep 2022 21:36:53 GMT|1|18883.32|2707446.15|19487.94|13580828
Fri, 23 Sep 2022 21:37:54 GMT|1|18889.47|2708315.88|19494.31|13614917
Fri, 23 Sep 2022 21:38:55 GMT|1|18891.85|2708813.04|19498.41|13614881
Fri, 23 Sep 2022 21:45:02 GMT|1|18966.16|2720104.47|19578.7|13614992
Fri, 23 Sep 2022 21:46:02 GMT|1|18949.22|2716644.56|19557.11|13614994
Fri, 23 Sep 2022 21:47:04 GMT|1|18980.09|2719930.6|19569.88|13614994
Fri, 23 Sep 2022 21:48:05 GMT|1|19002.36|2724300.2|19611.75|13575529
Fri, 23 Sep 2022 21:49:06 GMT|1|18969.17|2719763.59|19584.94|13614994
Fri, 23 Sep 2022 21:50:07 GMT|1|18969.39|2720403.86|19577.32|13614994
Fri, 23 Sep 2022 21:51:08 GMT|1|18984.76|2720796.96|19587.95|13576530
Fri, 23 Sep 2022 21:52:09 GMT|1|18980.16|2721557.97|19585.34|13576531
Fri, 23 Sep 2022 21:53:10 GMT|1|19003.5|2724464.8|19609.94|13576531
Fri, 23 Sep 2022 21:54:11 GMT|1|19020.67|2727307.58|19621.15|13699706
Fri, 23 Sep 2022 21:55:12 GMT|1|19000.93|2726459.22|19608.63|13586666
Fri, 23 Sep 2022 21:56:13 GMT|1|18980.19|2722478.82|19598.78|13602004
Fri, 23 Sep 2022 21:57:14 GMT|1|19002.53|2724680.13|19603.42|13602050
Fri, 23 Sep 2022 21:58:14 GMT|1|18993.5|2724640.66|19599.42|13699525
Fri, 23 Sep 2022 21:59:15 GMT|1|19005.43|2725286.84|19605.18|13603996
Fri, 23 Sep 2022 22:00:16 GMT|1|19020.73|2726578.38|19619.05|13607538
Fri, 23 Sep 2022 22:01:17 GMT|1|19029.23|2728417|19637.48|13607575
Fri, 23 Sep 2022 22:02:18 GMT|1|19033.55|2728799.95|19634.59|13609254
Fri, 23 Sep 2022 22:03:19 GMT|1|19026.28|2728010.29|19634.89|13609255
Fri, 23 Sep 2022 22:04:20 GMT|1|19031.66|2728009.56|19632.52|13510996
Fri, 23 Sep 2022 22:05:21 GMT|1|19040.9|2729339.38|19642.88|13699699
Fri, 23 Sep 2022 22:06:22 GMT|1|19024.14|2726198.73|19624|13699699
Fri, 23 Sep 2022 22:07:23 GMT|1|19022.49|2726722.61|19623.63|13699634
Fri, 23 Sep 2022 22:08:24 GMT|1|19030.79|2727921.58|19632.69|13566670
Fri, 23 Sep 2022 22:09:26 GMT|1|19012.1|2726330.63|19622.3|13600000
Fri, 23 Sep 2022 22:10:27 GMT|1|19021.41|2726165.99|19626.82|13600000
Fri, 23 Sep 2022 22:11:28 GMT|1|19017.54|2726149.08|19621.42|13600000
Fri, 23 Sep 2022 22:12:29 GMT|1|19016.67|2726393.31|19620.12|13600000
Fri, 23 Sep 2022 22:13:30 GMT|1|19033.63|2728143.04|19636.17|13650000
Fri, 23 Sep 2022 22:14:30 GMT|1|19015.32|2726775.87|19621.53|13600000
Fri, 23 Sep 2022 22:15:31 GMT|1|19020.5|2726194.79|19622.92|13600000
Fri, 23 Sep 2022 22:16:32 GMT|1|19026.74|2726767.58|19626.52|13600999
Fri, 23 Sep 2022 22:17:33 GMT|1|19030.24|2728339.76|19633.32|13601000
Fri, 23 Sep 2022 22:18:34 GMT|1|19021.26|2726791.2|19627.84|13670000
Fri, 23 Sep 2022 22:19:35 GMT|1|19023.55|2727518.67|19624.85|13699419
Fri, 23 Sep 2022 22:20:36 GMT|1|19033.01|2728275.5|19636.85|13602021
Fri, 23 Sep 2022 22:21:37 GMT|1|19037.57|2729333.51|19644.91|13602021
Fri, 23 Sep 2022 22:22:38 GMT|1|19046.64|2729501.43|19650.41|13602021
Fri, 23 Sep 2022 22:23:38 GMT|1|19013.5|2725843.63|19619.5|13650001
Fri, 23 Sep 2022 22:24:40 GMT|1|19027.85|2727506.31|19629.59|13699187
Fri, 23 Sep 2022 22:25:41 GMT|1|19031.95|2728365.47|19643.01|13699139
Fri, 23 Sep 2022 22:30:53 GMT|1|19179.84|2750715.14|19794.65|13699093
Fri, 23 Sep 2022 22:31:53 GMT|1|19170.97|2747137.63|19783.94|13680000
Fri, 23 Sep 2022 22:32:54 GMT|1|19144.6|2746742.54|19761.23|13680000
Fri, 23 Sep 2022 22:33:55 GMT|1|19144.05|2743856.29|19753.08|13699000
Fri, 23 Sep 2022 22:34:56 GMT|1|19151.36|2744090.7|19756.93|13680000
Fri, 23 Sep 2022 22:35:57 GMT|1|19186.45|2748110.56|19771.24|13680000
Fri, 23 Sep 2022 22:36:58 GMT|1|19187.12|2750094.46|19793.73|13698999
Fri, 23 Sep 2022 22:37:59 GMT|1|19194.78|2750637.76|19802.1|13698999
Fri, 23 Sep 2022 22:38:59 GMT|1|19234.64|2756387.35|19838.82|13698998
Fri, 23 Sep 2022 22:40:00 GMT|1|19243.17|2757835.3|19855.94|13698998
Fri, 23 Sep 2022 22:41:01 GMT|1|19231.03|2756915.39|19837.94|13705000
Fri, 23 Sep 2022 22:42:02 GMT|1|19244.61|2757566.23|19852.92|13749999
Fri, 23 Sep 2022 22:43:03 GMT|1|19231.37|2755682.14|19840.95|13799990
Fri, 23 Sep 2022 22:44:04 GMT|1|19228.18|2755571.66|19836.29|13799990
Fri, 23 Sep 2022 22:45:05 GMT|1|19213.08|2753783.7|19821.95|13799990
Fri, 23 Sep 2022 22:46:05 GMT|1|19230.86|2755355.37|19832.43|13799928
Fri, 23 Sep 2022 22:47:06 GMT|1|19227.61|2754674.85|19834.21|13760000
Fri, 23 Sep 2022 22:48:07 GMT|1|19218.9|2754390.66|19830.19|13788887
Fri, 23 Sep 2022 22:49:08 GMT|1|19234.08|2755714.74|19845.19|13760011
Fri, 23 Sep 2022 22:50:09 GMT|1|19245.66|2756141.77|19854.86|13760011
Fri, 23 Sep 2022 22:53:39 GMT|1|19297.07|2765742.05|19909.83|13800006
Fri, 23 Sep 2022 22:54:40 GMT|1|19310.94|2766598.79|19924.1|13800003
Fri, 23 Sep 2022 22:55:41 GMT|1|19297.34|2765015.14|19908.08|13800512
Fri, 23 Sep 2022 22:56:42 GMT|1|19293.95|2764915.18|19908.58|13800540
Fri, 23 Sep 2022 22:57:43 GMT|1|19328.75|2768052.71|19937.2|13800600
Fri, 23 Sep 2022 22:58:44 GMT|1|19336.59|2768500.27|19945.06|13800600
Fri, 23 Sep 2022 22:59:45 GMT|1|19333.22|2769997.09|19943.09|13890089
Fri, 23 Sep 2022 23:00:46 GMT|1|19336.39|2770464.82|19948.23|13890089
Fri, 23 Sep 2022 23:01:47 GMT|1|19321.58|2768828.92|19930.84|13850000
Fri, 23 Sep 2022 23:02:48 GMT|1|19314.06|2767023.07|19924.5|13937989
Fri, 23 Sep 2022 23:03:49 GMT|1|19299|2765485.18|19917.72|13850000
Fri, 23 Sep 2022 23:04:50 GMT|1|19319.15|2767896.27|19931.23|13935884
Fri, 23 Sep 2022 23:05:51 GMT|1|19323.88|2768449.98|19938|13935884
Fri, 23 Sep 2022 23:06:52 GMT|1|19347.68|2771878.91|19956.74|13850002
Fri, 23 Sep 2022 23:07:53 GMT|1|19365.83|2773315.21|19971.5|13899999
Fri, 23 Sep 2022 23:08:54 GMT|1|19371.51|2774677.9|19982.87|13934781
Fri, 23 Sep 2022 23:09:55 GMT|1|19375.98|2775390.5|19984.31|13934781
Fri, 23 Sep 2022 23:10:55 GMT|1|19357.34|2773725.6|19973.1|13934652
Fri, 23 Sep 2022 23:11:57 GMT|1|19390.98|2777151.6|19998.68|13934652
Fri, 23 Sep 2022 23:12:57 GMT|1|19387.23|2776769.55|19999.54|13900155
Fri, 23 Sep 2022 23:13:58 GMT|1|19369.32|2775818.91|19983.5|13900155
Fri, 23 Sep 2022 23:15:01 GMT|1|19370.61|2774678.05|19982.72|13900130
Fri, 23 Sep 2022 23:16:02 GMT|1|19391.72|2776260.73|20002.21|13930414
Fri, 23 Sep 2022 23:17:02 GMT|1|19376.64|2776626.48|20002.47|13930421
Fri, 23 Sep 2022 23:18:03 GMT|1|19345.47|2773483.43|19956.02|13934799
Fri, 23 Sep 2022 23:19:04 GMT|1|19325.4|2769489.13|19931.31|13930421
Fri, 23 Sep 2022 23:20:05 GMT|1|19322.1|2768138.31|19934.52|13872004
Fri, 23 Sep 2022 23:21:06 GMT|1|19350.32|2771311.15|19954.03|13880000
Fri, 23 Sep 2022 23:22:07 GMT|1|19347.08|2771512.25|19955.12|13910000
Fri, 23 Sep 2022 23:23:08 GMT|1|19344.73|2771492.14|19952.45|13880525
Fri, 23 Sep 2022 23:24:09 GMT|1|19331.47|2769764.34|19942.16|13889529
Fri, 23 Sep 2022 23:25:09 GMT|1|19331.49|2769691.25|19937.68|13889599
Fri, 23 Sep 2022 23:26:10 GMT|1|19362.73|2771695.55|19963.61|13889599
Fri, 23 Sep 2022 23:27:11 GMT|1|19369.48|2774634.62|19975.84|13909599
Fri, 23 Sep 2022 23:28:12 GMT|1|19359.59|2774046.96|19967.44|13900999
Fri, 23 Sep 2022 23:29:13 GMT|1|19347.34|2772168.63|19958.29|13880009
Fri, 23 Sep 2022 23:30:14 GMT|1|19347.69|2771754.43|19951.9|13909599
Fri, 23 Sep 2022 23:31:15 GMT|1|19365.63|2774016.57|19970.28|13889003
Fri, 23 Sep 2022 23:32:15 GMT|1|19378.83|2775435.72|19983.3|13900999
Fri, 23 Sep 2022 23:33:16 GMT|1|19371.28|2774701.72|19982.66|13900999
Fri, 23 Sep 2022 23:34:17 GMT|1|19381.38|2775335.26|19979.96|13903529
Fri, 23 Sep 2022 23:35:20 GMT|1|19383.36|2776632.81|19986.43|13903999
Fri, 23 Sep 2022 23:40:25 GMT|1|19338.48|2770673.12|19948.91|13861000
Fri, 23 Sep 2022 23:41:26 GMT|1|19341.66|2770407.82|19946.82|13861000
Fri, 23 Sep 2022 23:42:27 GMT|1|19341.16|2771030.71|19953.39|13861525
Fri, 23 Sep 2022 23:47:30 GMT|1|19350.65|2771620.63|19959.71|13959626
Fri, 23 Sep 2022 23:48:31 GMT|1|19348.67|2771432.16|19958.98|13883010
Fri, 23 Sep 2022 23:49:32 GMT|1|19327.41|2769978.57|19944.87|13883010
Fri, 23 Sep 2022 23:50:32 GMT|1|19308.27|2766111.22|19919.38|13889011
Fri, 23 Sep 2022 23:51:33 GMT|1|19298.7|2763994.86|19891.26|13862009
Fri, 23 Sep 2022 23:52:34 GMT|1|19279.99|2761485.85|19895.32|13866010
Fri, 23 Sep 2022 23:53:35 GMT|1|19251.81|2758744.91|19862.02|13861526
Fri, 23 Sep 2022 23:54:36 GMT|1|19252.93|2757729.47|19861.55|13855000
Fri, 23 Sep 2022 23:55:37 GMT|1|19265.17|2758789.42|19869.18|13855092
Fri, 23 Sep 2022 23:56:38 GMT|1|19294.28|2762890.92|19891.84|13855092
Fri, 23 Sep 2022 23:57:39 GMT|1|19310.75|2764287.3|19907.62|13865093
Fri, 23 Sep 2022 23:58:39 GMT|1|19296.6|2765024.7|19906.47|13865093
Fri, 23 Sep 2022 23:59:40 GMT|1|19293.77|2764982.55|19900.22|13877093
Sat, 24 Sep 2022 00:00:41 GMT|1|19293.76|2764171.15|19896.28|13877094
Sat, 24 Sep 2022 00:01:42 GMT|1|19301.57|2765071.41|19900.61|13877094
Sat, 24 Sep 2022 00:02:43 GMT|1|19304.01|2765248.62|19905.93|13877094
Sat, 24 Sep 2022 00:03:44 GMT|1|19294.55|2764307.13|19896.27|13949574
Sat, 24 Sep 2022 00:04:45 GMT|1|19292.84|2764413.76|19895.68|13879712
Sat, 24 Sep 2022 00:05:46 GMT|1|19306.6|2765096.95|19906.07|13880713
Sat, 24 Sep 2022 00:06:47 GMT|1|19307.31|2765604.68|19906.25|13880712
Sat, 24 Sep 2022 00:11:56 GMT|1|19265.38|2761634.65|19872.68|13855955
Sat, 24 Sep 2022 00:12:57 GMT|1|19257.74|2761458.13|19866.75|13959993
Sat, 24 Sep 2022 00:13:58 GMT|1|19247.16|2759861.52|19856.24|13919960
Sat, 24 Sep 2022 00:14:58 GMT|1|19242.03|2759692.27|19852.96|13855000
Sat, 24 Sep 2022 00:15:59 GMT|1|19265.46|2761714.74|19866.31|13855000
Sat, 24 Sep 2022 00:17:00 GMT|1|19237.01|2757145.78|19850.63|13899904
Sat, 24 Sep 2022 00:18:01 GMT|1|19208.91|2753427.57|19823.42|13855000
Sat, 24 Sep 2022 00:19:02 GMT|1|19179.47|2751072.56|19794.48|13855000
Sat, 24 Sep 2022 00:20:03 GMT|1|19152.93|2744449.06|19757.99|13801991
Sat, 24 Sep 2022 00:21:03 GMT|1|19167.08|2745205.04|19757.12|13834978
Sat, 24 Sep 2022 00:22:04 GMT|1|19162.84|2744554.44|19768.4|13750009
Sat, 24 Sep 2022 00:23:05 GMT|1|19155.79|2744496.03|19761.55|13800001
Sat, 24 Sep 2022 00:24:06 GMT|1|19157.44|2744121.68|19761.15|13800001
Sat, 24 Sep 2022 00:25:07 GMT|1|19157.21|2744495.54|19759.18|13800001
Sat, 24 Sep 2022 00:26:08 GMT|1|19182.72|2747406.03|19781.13|13800001
Sat, 24 Sep 2022 00:38:21 GMT|1|19167.43|2746382.42|19771.13|13834977
Sat, 24 Sep 2022 00:55:42 GMT|1|19151.59|2741914.51|19748.52|13765530
Sat, 24 Sep 2022 00:59:51 GMT|1|19148.28|2741737.37|19747.45|13700092
Sat, 24 Sep 2022 01:16:33 GMT|1|19190.48|2749727.27|19791.83|13769940
Sat, 24 Sep 2022 01:33:16 GMT|1|19130.55|2741496.82|19729.61|13701079
Sat, 24 Sep 2022 01:48:29 GMT|1|19158.9|2745450.08|19761.22|13679203
Sat, 24 Sep 2022 01:55:01 GMT|1|19144.13|2743006.53|19744.28|13750673
Sat, 24 Sep 2022 02:12:57 GMT|1|19097.7|2736419.4|19707.4|13711001
Sat, 24 Sep 2022 02:14:03 GMT|1|19088.13|2735894.07|19696.86|13818944
Sat, 24 Sep 2022 02:15:04 GMT|1|19104.07|2737746.21|19701.29|13818944
Sat, 24 Sep 2022 02:16:06 GMT|1|19107.07|2738283.72|19708.32|13700699
Sat, 24 Sep 2022 02:34:17 GMT|1|19165.06|2747696.69|19779.09|13817876
Sat, 24 Sep 2022 02:51:30 GMT|1|19117.77|2739503.45|19712.8|13705000
Sat, 24 Sep 2022 03:06:37 GMT|1|19134.84|2741615.78|19741.69|13706340
Sat, 24 Sep 2022 03:22:57 GMT|1|19106.08|2737790.12|19704.07|13702002
Sat, 24 Sep 2022 03:38:01 GMT|1|19118.02|2738808.66|19723.94|13685999
Sat, 24 Sep 2022 03:41:22 GMT|1|19119.83|2740497.05|19734.7|13720984
Sat, 24 Sep 2022 03:45:46 GMT|1|19047.13|2728892.92|19647.1|13720981
Sat, 24 Sep 2022 04:00:14 GMT|1|19129.46|2740386.33|19728.04|13686100
Sat, 24 Sep 2022 04:04:36 GMT|1|19145.36|2743050.42|19742.46|13686009
Sat, 24 Sep 2022 04:06:15 GMT|1|19142.28|2742875.32|19745.99|13686009
Sat, 24 Sep 2022 04:11:43 GMT|1|19101.36|2737141.99|19697.1|13696009
Sat, 24 Sep 2022 04:28:16 GMT|1|19142.58|2741915.2|19745.36|13788575
Sat, 24 Sep 2022 04:35:24 GMT|1|19145.6|2743035.52|19745.91|13722999
Sat, 24 Sep 2022 04:50:56 GMT|1|19145.8|2743493.04|19743.87|13712001
Sat, 24 Sep 2022 05:00:10 GMT|1|19165.85|2746368.48|19766.49|13769990
Sat, 24 Sep 2022 05:15:46 GMT|1|19161.44|2745532.05|19755.86|13741000
Sat, 24 Sep 2022 05:31:51 GMT|1|19114.53|2738480.14|19713.02|13740089
Sat, 24 Sep 2022 05:49:24 GMT|1|19123.56|2741716.16|19723.98|13732005
Sat, 24 Sep 2022 06:06:06 GMT|1|19119.29|2742412.9|19734.82|13787101
Sat, 24 Sep 2022 06:23:18 GMT|1|19096.66|2735669.22|19692.08|13733109
Sat, 24 Sep 2022 06:36:28 GMT|1|19116.3|2739749.65|19720.25|13750700
Sat, 24 Sep 2022 06:53:25 GMT|1|19080.75|2735748.75|19680.99|13725406
Sat, 24 Sep 2022 07:10:23 GMT|1|19022.22|2726419.2|19616.75|13715010
Sat, 24 Sep 2022 07:25:40 GMT|1|18984.47|2720724.72|19579.65|13686001
Sat, 24 Sep 2022 07:42:59 GMT|1|19011.11|2724927.94|19606.18|13711999
Sat, 24 Sep 2022 07:59:44 GMT|1|18996.77|2723389.8|19593.12|13700109
Sat, 24 Sep 2022 08:02:05 GMT|1|18993.91|2722972.09|19593.71|13700110
Sat, 24 Sep 2022 08:18:16 GMT|1|18994.45|2722273.06|19585.74|13700010
Sat, 24 Sep 2022 08:24:26 GMT|1|18991.56|2722350.17|19584.81|13705000
Sat, 24 Sep 2022 08:39:58 GMT|1|19035.67|2727184.07|19624.58|13710212
Sat, 24 Sep 2022 08:55:32 GMT|1|19041.07|2728941.92|19634.36|13788898
Sat, 24 Sep 2022 09:10:39 GMT|1|19093.82|2736180.55|19690.6|13800000
Sat, 24 Sep 2022 09:26:52 GMT|1|19022.76|2727553.71|19622.63|13705528
Sat, 24 Sep 2022 09:41:57 GMT|1|19026.7|2726237.6|19616.22|13818883
Sat, 24 Sep 2022 09:58:57 GMT|1|19035.78|2728847.15|19629.13|13750001
Sat, 24 Sep 2022 10:14:18 GMT|1|19020.2|2727005.89|19619.56|13740541
Sat, 24 Sep 2022 10:30:38 GMT|1|19054.34|2731834.39|19648.22|13720009
Sat, 24 Sep 2022 10:48:37 GMT|1|19016.64|2726175.58|19607.31|13707969
Sat, 24 Sep 2022 11:00:21 GMT|1|19035.46|2728635.24|19630.3|13730009
Sat, 24 Sep 2022 11:17:43 GMT|1|19011.96|2725033.18|19606.73|13750533
Sat, 24 Sep 2022 11:28:21 GMT|1|19089.06|2735277.94|19683.06|13760613
Sat, 24 Sep 2022 11:39:24 GMT|1|19062.85|2731895.88|19659.49|13765700
Sat, 24 Sep 2022 11:56:35 GMT|1|19053.75|2731320.84|19648.55|13753900
Sat, 24 Sep 2022 12:11:00 GMT|1|19067|2733373.87|19666.53|13757500
Sat, 24 Sep 2022 12:12:46 GMT|1|19069.09|2733221.8|19663.82|13757600
Sat, 24 Sep 2022 12:28:51 GMT|1|19065.46|2732076.7|19658.03|13757619
Sat, 24 Sep 2022 12:46:38 GMT|1|19170.95|2748909.4|19782.64|13830700
Sat, 24 Sep 2022 13:00:02 GMT|1|19156.73|2745196.82|19756.19|13805559
Sat, 24 Sep 2022 13:04:58 GMT|1|19179.86|2748609.11|19776.81|13834447
Sat, 24 Sep 2022 13:22:51 GMT|1|19119.18|2740291.92|19722.06|13840002
Sat, 24 Sep 2022 13:30:01 GMT|1|19138.37|2742922.81|19737.88|13825001
Sat, 24 Sep 2022 13:33:13 GMT|1|19128.81|2740633.45|19723.23|13741004
Thu, 29 Sep 2022 00:49:10 GMT|1|19421.23|2805026.54|20031.41|14220006
Thu, 29 Sep 2022 00:50:10 GMT|1|19380.24|2799862.83|19989.85|14220001
Thu, 29 Sep 2022 00:51:11 GMT|1|19403.98|2799570.1|20003.58|14240000
Thu, 29 Sep 2022 00:52:12 GMT|1|19424.39|2803234.98|20029.45|14240000
Thu, 29 Sep 2022 00:54:42 GMT|1|19430.7|2804045.4|20040.05|14240000
Thu, 29 Sep 2022 00:55:43 GMT|1|19431.96|2804065.76|20045.17|14240015
Thu, 29 Sep 2022 00:56:44 GMT|1|19444.42|2805494.71|20056.17|14240018
Thu, 29 Sep 2022 00:57:45 GMT|1|19439.72|2804836.79|20051.79|14260443
Thu, 29 Sep 2022 00:58:46 GMT|1|19435.23|2804320.52|20049.26|14301200
Thu, 29 Sep 2022 00:59:47 GMT|1|19445.16|2805130.81|20052.89|14267255
Thu, 29 Sep 2022 01:00:48 GMT|1|19432.13|2804357.89|20051.35|14267255
Thu, 29 Sep 2022 01:01:49 GMT|1|19447.39|2804415.72|20064.69|14267255
Thu, 29 Sep 2022 01:02:50 GMT|1|19448.38|2804626.45|20069.23|14260674
Thu, 29 Sep 2022 01:03:51 GMT|1|19456.52|2805961.02|20075.42|14294940
Thu, 29 Sep 2022 01:04:52 GMT|1|19445.59|2803632.66|20061.69|14297899
Thu, 29 Sep 2022 01:05:53 GMT|1|19437.26|2803632.85|20059.06|14297899
Thu, 29 Sep 2022 01:06:54 GMT|1|19445.95|2804175.31|20063.85|14288590
Thu, 29 Sep 2022 01:07:54 GMT|1|19449.53|2804686.13|20064.38|14260677
Thu, 29 Sep 2022 01:08:55 GMT|1|19457.28|2805530.96|20067.58|14260672
Thu, 29 Sep 2022 01:10:32 GMT|1|19460.65|2805967.03|20075.24|14260686
Thu, 29 Sep 2022 01:11:33 GMT|1|19447.88|2804400.5|20069.53|14260686
Thu, 29 Sep 2022 01:12:35 GMT|1|19452.47|2805178.45|20073.84|14260686
Thu, 29 Sep 2022 01:13:36 GMT|1|19456.24|2805492.96|20075.41|14270005
Thu, 29 Sep 2022 01:14:37 GMT|1|19451.92|2805253.56|20073.27|14270005
Thu, 29 Sep 2022 01:15:38 GMT|1|19461.69|2807455.31|20076.26|14260664
Thu, 29 Sep 2022 01:16:39 GMT|1|19490.08|2809938.86|20109.94|14290000
Thu, 29 Sep 2022 01:17:40 GMT|1|19476.41|2809762.79|20098.75|14282748
Thu, 29 Sep 2022 01:18:42 GMT|1|19474.63|2809302.86|20097.82|14282748
Thu, 29 Sep 2022 01:19:43 GMT|1|19481.8|2809727.5|20099.03|14260688
Thu, 29 Sep 2022 01:20:44 GMT|1|19483.36|2810903.13|20109.86|14260688
Thu, 29 Sep 2022 01:21:44 GMT|1|19480.27|2810291.76|20106.77|14260718
Thu, 29 Sep 2022 01:22:46 GMT|1|19490.66|2812882.32|20114.07|14260737
Thu, 29 Sep 2022 01:23:47 GMT|1|19513.34|2814835.41|20130.58|14260737
Thu, 29 Sep 2022 01:24:48 GMT|1|19504.21|2813952.62|20126.85|14260737
Thu, 29 Sep 2022 01:25:49 GMT|1|19509.21|2814623.51|20127.71|14282847
Thu, 29 Sep 2022 01:26:50 GMT|1|19511.18|2815176.74|20134.74|14282866
Thu, 29 Sep 2022 01:27:51 GMT|1|19515.8|2815554.76|20137.08|14282888
Thu, 29 Sep 2022 01:28:51 GMT|1|19520.23|2815795.5|20137.71|14282888
Thu, 29 Sep 2022 01:29:52 GMT|1|19513.36|2815377.84|20134.84|14282888
